DESCRIÇÃO,PREÇO,LINK
Playstation Ps5 Slim Standard + Jogos Ratchet Clank And Returnal Branco 1 Tb Branco,195,https://www.mercadolivre.com.br/playstation-ps5-slim-standard--jogos-ratchet-clank-and-returnal-branco-1-tb/up/MLBU1480264798#polycard_client=search-nordic&search_layout=grid&position=50&type=product&tracking_id=140f174e-1940-4074-a6f3-747bd64035dc&wid=MLB5018861468&sid=search
Console Playstation 5 Midia Fisica Slim Branco 1tb Returnal E Ratchet E Clank Controle Sem Fio Dualsense Branco Branco/preto,209,https://www.mercadolivre.com.br/console-playstation-5-midia-fisica-slim-branco-1tb-returnal-e-ratchet-e-clank-controle-sem-fio-dualsense-branco/up/MLBU801769289#polycard_client=search-nordic&search_layout=grid&position=39&type=product&tracking_id=140f174e-1940-4074-a6f3-747bd64035dc&wid=MLB4899169050&sid=search
Playstation 5 Pro Playstation 5 Pro Sony 2024,210,https://www.mercadolivre.com.br/playstation-5-pro-playstation-5-pro-sony-2024/p/MLB47801395#polycard_client=search-nordic&search_layout=grid&position=8&type=product&tracking_id=140f174e-1940-4074-a6f3-747bd64035dc&wid=MLB4170915169&sid=search
Playstation 5 (ps5) Slim 30th Anniversary Edition Ssd 1tb Novo - Cfi 2000 B30 Cinza,210,https://produto.mercadolivre.com.br/MLB-4004677867-playstation-5-ps5-slim-30th-anniversary-edition-ssd-1tb-novo-cfi-2000-b30-cinza-_JM?searchVariation=187239022913#polycard_client=search-nordic&searchVariation=187239022913&search_layout=grid&position=33&type=item&tracking_id=140f174e-1940-4074-a6f3-747bd64035dc
Ps5 Slim 1tb Fisico C/leitor Astrobot/granturismo Novo C/nf Branco,211,https://www.mercadolivre.com.br/ps5-slim-1tb-fisico-cleitor-astrobotgranturismo-novo-cnf/up/MLBU3410146434#polycard_client=search-nordic&search_layout=grid&position=30&type=product&tracking_id=140f174e-1940-4074-a6f3-747bd64035dc&wid=MLB5673494730&sid=search
Playstation 5 Ps5 Físico Dois Controles + Jogo A Escolher Branco,214,https://www.mercadolivre.com.br/playstation-5-ps5-fisico-dois-controles--jogo-a-escolher/up/MLBU3440821796#polycard_client=search-nordic&search_layout=grid&position=16&type=product&tracking_id=140f174e-1940-4074-a6f3-747bd64035dc&wid=MLB4217132561&sid=search
Console Playstation 5 Midia Fisica Slim Branco 1tb Returnal E Ratchet E Clank Controle Sem Fio Dualsense Branco,238,https://www.mercadolivre.com.br/console-playstation-5-midia-fisica-slim-branco-1tb-returnal-e-ratchet-e-clank-controle-sem-fio-dualsense-branco/up/MLBU2925651449#polycard_client=search-nordic&search_layout=grid&position=43&type=product&tracking_id=140f174e-1940-4074-a6f3-747bd64035dc&wid=MLB5244249638&sid=search
Sony Playstation 5 + Malvel's Spider Man 2 Ps5 Envio Rapido Branco,242,https://www.mercadolivre.com.br/sony-playstation-5--malvels-spider-man-2-ps5-envio-rapido/up/MLBU1987793192#polycard_client=search-nordic&search_layout=grid&position=47&type=product&tracking_id=140f174e-1940-4074-a6f3-747bd64035dc&wid=MLB4257110336&sid=search
Console Sony Playstation 5 Slim Digital 1 Tera Novo Lacrado + Ea Fc Fifa 25 + God Raganarok + Gta 5 + Mkt 11 + Resident Evil 4 + Red Dead 2 + Gt7,352,https://produto.mercadolivre.com.br/MLB-4213004517-console-sony-playstation-5-slim-digital-1-tera-novo-lacrado-ea-fc-fifa-25-god-raganarok-gta-5-mkt-11-resident-evil-4-red-dead-2-gt7-_JM?searchVariation=190956576019#polycard_client=search-nordic&searchVariation=190956576019&search_layout=grid&position=23&type=item&tracking_id=140f174e-1940-4074-a6f3-747bd64035dc
Playstation 5 Slim Fisico Com 2 Controles + Fifa  Fc26 Branco/preto,373,https://www.mercadolivre.com.br/playstation-5-slim-fisico-com-2-controles--fifa--fc26/up/MLBU3156664729#polycard_client=search-nordic&search_layout=grid&position=26&type=product&tracking_id=140f174e-1940-4074-a6f3-747bd64035dc&wid=MLB5375677278&sid=search
Sony PlayStation 5 Pro CFI-7020 2TB Digital cor branco 2024,379,https://click1.mercadolivre.com.br/mclics/clicks/external/MLB/count?a=95lOIcO8KxqaMsJAt4PNry9QLd1AuAUBDJRKubaymNaV6XdJ7DlFnnAvNCCy7R6qyvEynZozB%2FQmeDyIyMwqVdPx3aDrWsPaK6QWZgkYIINmIA8H3tkf465GkKLN3rcZly7Tsl5M9FZv5LksomJ42QhU4XkkNSklqBwsPJFgla1RIksV%2BIoKPNjnrNn%2BGtI4n%2BTzSrp4Gh3eF29%2FVkERqnQEXV0NpkbvKCUmBktcR1w4gY1pHovRH9u8HSiocV9%2FJX1ZONF4OqkO87tCKk6VADxX4bzq1BehAxh2Ue5KGBdnANNs%2FUr5UrOilxaFpTCf9ZJpvOLtIS%2FmW5LI0RIz3OTqfIfrbJiDSRpt%2Fzwkfa8vqpNcD5yGN0MIXsHcn92OvSOGrK3LXhTTB7f4ucMzaqIoYlGsG7fLWzaEGV1uNLxFkOQJKDrNY%2FY6KvbV5lGmK3flhcaqjQNYk%2FN2rw%2FlXeu492%2BEdzopgqqL9h6VKYbSShRSPJ06QAeuI2%2BtKvQjHW5Sci%2BcxesU4P5Dl13%2FUHbQSe4hg3oosUrRN7di7OAJwDqHnpcHffrVAg3C8cL8x2%2FfeHLOtADLaEkQuAO77yARN%2BR%2FaNu1DFNKYohkeH6lTuWRdjf8GBiUhYzKMXtlr2Hvb8ScsJbIGgFZdahZLqMFtw9DjBY3iwQ2u66baWPXQu9MNGE1MXTHsp8H3REsJISt4OWH6jYpXBHOLjGwr%2Fa%2FNBXZwVxvpx2WPMKBGRr6ALOqtz1sfuYc2f%2FfXdLsFQBd2ZuFsnkaYDvgXIcRzgI2PgKxOdL6sCcoWkXTqflUU87s%2Bn2273YGXRGoufX0p95VvDCl0oOS9Rbjw9XNWjnuYcs3FTOSGQh%2FG%2FUNd9J4auAmK7hyKBORomtRhRYrEW%2BCymtm3DGtSmD6zMKQNGuaBngAgdf6bgmFgc9x66UPgczPoGlNnT3dutQ%3D#polycard_client=search-nordic&is_advertising=true&searchVariation=MLB41975964&backend_model=search-backend&search_layout=grid&position=2&type=pad&tracking_id=140f174e-1940-4074-a6f3-747bd64035dc&wid=MLB5259547698&sid=search
Console Sony PlayStation 5 Digital Slim 1TB – Branco + Jogos Returnal e Ratchet & Clank + Controle Sem Fio DualSense Branco,379,https://www.mercadolivre.com.br/console-sony-playstation-5-digital-slim-1tb-branco-jogos-returnal-e-ratchet-clank-controle-sem-fio-dualsense-branco/p/MLB37494438#polycard_client=search-nordic&search_layout=grid&position=10&type=product&tracking_id=140f174e-1940-4074-a6f3-747bd64035dc&wid=MLB4998331528&sid=search
Sony PlayStation 5 825GB Marvel’s Spider Man 2 Limited Edition Mídia Física,384,https://www.mercadolivre.com.br/sony-playstation-5-825gb-marvels-spider-man-2-limited-edition-midia-fisica/p/MLB26081587#polycard_client=search-nordic&search_layout=grid&position=19&type=product&tracking_id=140f174e-1940-4074-a6f3-747bd64035dc&wid=MLB4176841851&sid=search
Console Playstation 5 Slim 1tb Mídia Física Bundle Com Nf-e Branco,384,https://www.mercadolivre.com.br/console-playstation-5-slim-1tb-midia-fisica-bundle-com-nfe/up/MLBU1747293679#polycard_client=search-nordic&search_layout=grid&position=37&type=product&tracking_id=140f174e-1940-4074-a6f3-747bd64035dc&wid=MLB4595700214&sid=search
Console Sony Playstation 5 Slim Digital 1 Tera Novo Lacrado + Ea Fc Fifa 25 + God Raganarok + Gta 5 + Mkt 11 + Resident Evil 4 + Red Dead 2 + Gt7,393,https://www.mercadolivre.com.br/console-sony-playstation-5-slim-digital-1-tera-novo-lacrado--ea-fc-fifa-25--god-raganarok--gta-5--mkt-11--resident-evil-4--red-dead-2--gt7/up/MLBU3368128739#polycard_client=search-nordic&search_layout=grid&position=41&type=product&tracking_id=140f174e-1940-4074-a6f3-747bd64035dc&wid=MLB4168052749&sid=search
Console Playstation® 5 Slim Edição Digital 1tb Branco - Sony Branco,425,https://www.mercadolivre.com.br/console-playstation-5-slim-edicao-digital-1tb-branco--sony/up/MLBU3140092787#polycard_client=search-nordic&search_layout=grid&position=28&type=product&tracking_id=140f174e-1940-4074-a6f3-747bd64035dc&wid=MLB4042064699&sid=search
Console Playstation 5 Slim Fisico -2 Controles Ps5 Nacional Branco,442,https://www.mercadolivre.com.br/console-playstation-5-slim-fisico-2-controles-ps5-nacional/up/MLBU1473699682#polycard_client=search-nordic&search_layout=grid&position=45&type=product&tracking_id=140f174e-1940-4074-a6f3-747bd64035dc&wid=MLB4580422794&sid=search
Sony PlayStation 5 Pro CFI-7020 2TB Digital cor branco 2024,581,https://www.mercadolivre.com.br/sony-playstation-5-pro-cfi-7020-2tb-digital-cor-branco-2024/p/MLB41975964#polycard_client=search-nordic&search_layout=grid&position=5&type=product&tracking_id=140f174e-1940-4074-a6f3-747bd64035dc&wid=MLB5259547698&sid=search
Console Playstation 5 + Spider Man 2,581,https://www.mercadolivre.com.br/console-playstation-5-spider-man-2/p/MLB45498734#polycard_client=search-nordic&search_layout=grid&position=13&type=product&tracking_id=140f174e-1940-4074-a6f3-747bd64035dc&wid=MLB5598370310&sid=search
Sony Ps5 Slim Digital Edição Limitada 30 Anos - Playstation 5 Slim Digital Edição 30 Anos A Pronta Entrega Cinza,653,https://www.mercadolivre.com.br/sony-ps5-slim-digital-edicao-limitada-30-anos--playstation-5-slim-digital-edicao-30-anos-a-pronta-entrega/up/MLBU2670901506#polycard_client=search-nordic&search_layout=grid&position=21&type=product&tracking_id=140f174e-1940-4074-a6f3-747bd64035dc&wid=MLB3895714725&sid=search
Sony Playstation 5 Pro Cfi-7014 2tb Digital Cor Branco 2024,3.889,https://www.mercadolivre.com.br/sony-playstation-5-pro-cfi7014-2tb-digital-cor-branco-2024/up/MLBU3453894248#polycard_client=search-nordic&search_layout=grid&position=25&type=product&tracking_id=140f174e-1940-4074-a6f3-747bd64035dc&wid=MLB4226349579&sid=search
Console PlayStation® 5 Slim Edição Digital 1TB Branco - Sony,3.950,https://click1.mercadolivre.com.br/mclics/clicks/external/MLB/count?a=2W5dOnE%2FtX3MLYawohTDlroc10KnqLL4uTkceK1V9W6UUTEBNBQugC4P3s4MoNwIcR2fTy%2BrcHw9AjbLNRKXxUhYrWSWavSJs0Hrkqa5Rf06uQP79xlD0QXEcnCS1a76c5IEQx7dfKhhQA0Uwu2eETG%2B4jsFGEG1y0W1XC9eU8p%2BCxN94xivmbnXRl01BloGcAQYx1JVMoXjHPk9iUv3qwFElqGFJlWTFKHUAh67ZfYvr6n8AAgAPqEf6wAMcNCGkiUcMsNwsM7cphiXSHV0%2BkVcntS3XxDnhHyhxZXA6Ij60H4q8Y87MRke3Yz7f5Ph89efs2OXlGlbjcCZ4TS9%2F4Y%2FFPs4eHllLI89Ez4divmRfupMxEbbFUcLZngraDhSPlcns%2BNgSoj81mv%2FRix7pgG5jiYnZzbmvzw4aZjqFymLAJFAXMd9KLPLKBPPqDtyRF8ttLqRkNjgCs8%2B9c9VdRi1rf1aI0LfnIVMRmaTYGtuLZfcyU3de19pq%2F8F%2FBtOmIP25QWVcMAmwI0A1FD%2FSKBCLA%2Bgh4IAhq0zXTe%2FXCTIZfvXw78RAss5DwTbNMVB0HIcN2y5hNZ4PM4pd9hyF2lniilCrfR%2FaPhTe9QkddlshpDVbaV2MwziXvCTWAZfgS9jGaxy2j6dZ45W6v0AK25jYsDfGGsA9tIb24fERJoYFQJg42V%2Brr6CaRxjgU67fg%2BcJZHVd%2Fb302BJ7d%2FzlX%2FJpPiLgFlXwD%2BpfdO76sBjEvG9zcBz0B8bDbwEtdCskErslB55zrNiOi%2F%2BradUZ66ofc68I%2BwFU6QqGB4rhbosCCOlaY6v8UXDGnxSaUr8uTjqSeW4OsDmpZ99Bmaeie71IYODl8PZcGLKtQtfJj129yBtBgAU2cNRzb%2BlLB7RI9CXFSiGyENvzXyjI66ZIy4eC36tg83EAJX5Pzc8%2BtP0z93TXb%2FzU3Q2EA%3D%3D#polycard_client=search-nordic&is_advertising=true&searchVariation=MLB29001054&backend_model=search-backend&search_layout=grid&position=1&type=pad&tracking_id=140f174e-1940-4074-a6f3-747bd64035dc&wid=MLB3606139177&sid=search
Sony PlayStation 5 Slim 1TB Standard cor branco,3.950,https://www.mercadolivre.com.br/sony-playstation-5-slim-1tb-standard-cor-branco/p/MLB28616777#polycard_client=search-nordic&search_layout=grid&position=9&type=product&tracking_id=140f174e-1940-4074-a6f3-747bd64035dc&wid=MLB4169438927&sid=search
PlayStation 5 Slim Cor Branco 1 TB Versão Mídia Física,3.999,https://www.mercadolivre.com.br/playstation-5-slim-cor-branco-1-tb-verso-midia-fisica/p/MLB31067313#polycard_client=search-nordic&search_layout=grid&position=18&type=product&tracking_id=140f174e-1940-4074-a6f3-747bd64035dc&wid=MLB5537795548&sid=search
Playstation 5 Pro Playstation 5 Pro Sony 2025+nfe Branco,3.999,https://www.mercadolivre.com.br/playstation-5-pro-playstation-5-pro-sony-2025nfe/up/MLBU3381471996#polycard_client=search-nordic&search_layout=grid&position=36&type=product&tracking_id=140f174e-1940-4074-a6f3-747bd64035dc&wid=MLB4172444491&sid=search
Sony Playstation 5 Slim Ps5 1tb Bundle Bundle Novo Nacional Branco,4.099,https://www.mercadolivre.com.br/sony-playstation-5-slim-ps5-1tb-bundle-bundle-novo-nacional/up/MLBU2721394010#polycard_client=search-nordic&search_layout=grid&position=40&type=product&tracking_id=140f174e-1940-4074-a6f3-747bd64035dc&wid=MLB4577632864&sid=search
Ps5 Slim 2 Controles Fc 26 Branco,4.099,https://www.mercadolivre.com.br/ps5-slim-2-controles-fc-26/up/MLBU3167468287#polycard_client=search-nordic&search_layout=grid&position=49&type=product&tracking_id=140f174e-1940-4074-a6f3-747bd64035dc&wid=MLB5383619472&sid=search
Sony PlayStation 5 Slim Cfi-2015b 1Tb 30º Aniversário Edição Limitada Cor Cinza 2024,4.299,https://www.mercadolivre.com.br/sony-playstation-5-slim-cfi-2015b-1tb-30-aniversario-edico-limitada-cor-cinza-2024/p/MLB42024580#polycard_client=search-nordic&search_layout=grid&position=35&type=product&tracking_id=140f174e-1940-4074-a6f3-747bd64035dc&wid=MLB3939816453&sid=search
Console Sony Playstation 5 Digital Slim 1tb  Branco + Jogos Returnal E Ratchet & Clank + Controle Sem Fio Dualsense Branco,4.399,https://produto.mercadolivre.com.br/MLB-5747182382-console-sony-playstation-5-digital-slim-1tb-branco-jogos-returnal-e-ratchet-clank-controle-sem-fio-dualsense-branco-_JM?searchVariation=191269459553#polycard_client=search-nordic&searchVariation=191269459553&search_layout=grid&position=38&type=item&tracking_id=140f174e-1940-4074-a6f3-747bd64035dc
Console Playstation®5 Slim Digital - Pacote Astro Bot E Gran Turismo 7 Branco,4.422,https://www.mercadolivre.com.br/console-playstation5-slim-digital-pacote-astro-bot-e-gran-turismo-7-branco/p/MLB57081243#polycard_client=search-nordic&search_layout=grid&position=7&type=product&tracking_id=140f174e-1940-4074-a6f3-747bd64035dc&wid=MLB4214670787&sid=search
Ps5 Slim 1tb Fisico C/leitor Astrobot/granturismo Novo C/nf Branco,4.422,https://www.mercadolivre.com.br/ps5-slim-1tb-fisico-cleitor-astrobotgranturismo-novo-cnf/up/MLBU3366774909#polycard_client=search-nordic&search_layout=grid&position=32&type=product&tracking_id=140f174e-1940-4074-a6f3-747bd64035dc&wid=MLB4167216361&sid=search
"Sony PlayStation 5 Slim Standard CFI-2014A 1TB Ratchet & Clank: Rift Apart, Returnal cor branco 2022",4.430,https://www.mercadolivre.com.br/sony-playstation-5-slim-standard-cfi-2014a-1tb-ratchet-clank-rift-apart-returnal-cor-branco-2022/p/MLB37494436#polycard_client=search-nordic&search_layout=grid&position=27&type=product&tracking_id=140f174e-1940-4074-a6f3-747bd64035dc&wid=MLB5194650600&sid=search
Playstation 5 2tb 8k Digital Pronta Entrega Com Nota Fiscal E Garantia - Ps5 Pro 2tb Branco,4.450,https://www.mercadolivre.com.br/playstation-5-2tb-8k-digital-pronta-entrega-com-nota-fiscal-e-garantia--ps5-pro-2tb/up/MLBU2722335582#polycard_client=search-nordic&search_layout=grid&position=29&type=product&tracking_id=140f174e-1940-4074-a6f3-747bd64035dc&wid=MLB3903289193&sid=search
Console Playstation 5 Midia Fisica Fc26  2 Controles Branco/preto,4.497,https://www.mercadolivre.com.br/console-playstation-5-midia-fisica-fc26--2-controles/up/MLBU3167456983#polycard_client=search-nordic&search_layout=grid&position=17&type=product&tracking_id=140f174e-1940-4074-a6f3-747bd64035dc&wid=MLB5383478272&sid=search
Console Playstation®5 Slim Disk - Pacote Astro Bot E Gran Turismo 7 Branco,4.499,https://www.mercadolivre.com.br/console-playstation5-slim-disk-pacote-astro-bot-e-gran-turismo-7-branco/p/MLB55766882#polycard_client=search-nordic&search_layout=grid&position=15&type=product&tracking_id=140f174e-1940-4074-a6f3-747bd64035dc&wid=MLB5732835902&sid=search
Console Playstation 5 Midia Fisica Slim Branco 1tb Returnal E Ratchet E Clank Controle Sem Fio Dualsense Branco,4.599,https://www.mercadolivre.com.br/console-playstation-5-midia-fisica-slim-branco-1tb-returnal-e-ratchet-e-clank-controle-sem-fio-dualsense-branco/up/MLBU2925690497#polycard_client=search-nordic&search_layout=grid&position=44&type=product&tracking_id=140f174e-1940-4074-a6f3-747bd64035dc&wid=MLB5244148072&sid=search
Console Sony Playstation 5 Slim Digital 1 Tera Novo Lacrado + Ea Fc Fifa 26 + God Raganarok + Gta 5 + Mkt 1 + Resident 4 + Forza Horizon + Red Dead 2,4.999,https://produto.mercadolivre.com.br/MLB-4213005481-console-sony-playstation-5-slim-digital-1-tera-novo-lacrado-ea-fc-fifa-26-god-raganarok-gta-5-mkt-1-resident-4-forza-horizon-red-dead-2-_JM?searchVariation=190956581067#polycard_client=search-nordic&searchVariation=190956581067&search_layout=grid&position=34&type=item&tracking_id=140f174e-1940-4074-a6f3-747bd64035dc
Playstation 5 Slim Midia Fisica Com 2 Controles + Spider Man2 Ps5 Branco/preto,4.999,https://www.mercadolivre.com.br/playstation-5-slim-midia-fisica-com-2-controles--spider-man2-ps5/up/MLBU1989367992#polycard_client=search-nordic&search_layout=grid&position=42&type=product&tracking_id=140f174e-1940-4074-a6f3-747bd64035dc&wid=MLB4465220250&sid=search
Ps5 Sony Edição Especial Spider Man 2 Cor Preto (Novo com caixa aberta),5.099,https://www.mercadolivre.com.br/ps5-sony-edico-especial-spider-man-2-cor-preto-novo-com-caixa-aberta/p/MLB2022622227#polycard_client=search-nordic&search_layout=grid&position=46&type=product&tracking_id=140f174e-1940-4074-a6f3-747bd64035dc&wid=MLB4206772955&sid=search
Console Playstation®5 Slim Disk - Pacote Astro Bot E Gran Turismo 7 Branco,5.265,https://www.mercadolivre.com.br/console-playstation5-slim-disk-pacote-astro-bot-e-gran-turismo-7-branco/p/MLB57083347#polycard_client=search-nordic&search_layout=grid&position=6&type=product&tracking_id=140f174e-1940-4074-a6f3-747bd64035dc&wid=MLB5728106336&sid=search
Sony Playstation 5 Slim Digital Edição 30 Anos - Ps5 Slim Digital Edição Limitada 30 Anos Cinza,5.265,https://www.mercadolivre.com.br/sony-playstation-5-slim-digital-edicao-30-anos--ps5-slim-digital-edicao-limitada-30-anos/up/MLBU2649571467#polycard_client=search-nordic&search_layout=grid&position=31&type=product&tracking_id=140f174e-1940-4074-a6f3-747bd64035dc&wid=MLB5151255922&sid=search
Sony Playstation 5 Pro 2tb - Novo Lacrado A Pronta Entrega 1 Ano De Garantia - Ps5 Pro 2tb Branco,5.509,https://www.mercadolivre.com.br/sony-playstation-5-pro-2tb--novo-lacrado-a-pronta-entrega-1-ano-de-garantia--ps5-pro-2tb/up/MLBU2722363072#polycard_client=search-nordic&search_layout=grid&position=24&type=product&tracking_id=140f174e-1940-4074-a6f3-747bd64035dc&wid=MLB3903289561&sid=search
Kit Console Playstation 5 Ps5 2 Controles + Spider Man 2 Branco/preto,5.519,https://www.mercadolivre.com.br/kit-console-playstation-5-ps5-2-controles--spider-man-2/up/MLBU1975790123#polycard_client=search-nordic&search_layout=grid&position=48&type=product&tracking_id=140f174e-1940-4074-a6f3-747bd64035dc&wid=MLB3605160827&sid=search
Sony Playstation 5 Edição Spider-man 2 Novo Lacrado Pronta Entrega - Ps5 Spider-man 2 Com Leitor Vermelho/preto,5.519,https://www.mercadolivre.com.br/sony-playstation-5-edicao-spiderman-2-novo-lacrado-pronta-entrega--ps5-spiderman-2-com-leitor/up/MLBU1729751963#polycard_client=search-nordic&search_layout=grid&position=51&type=product&tracking_id=140f174e-1940-4074-a6f3-747bd64035dc&wid=MLB3439762403&sid=search
Console PlayStation® 5 Slim Edição Digital 1TB Branco - Sony,6.049,https://www.mercadolivre.com.br/console-playstation-5-slim-edico-digital-1tb-branco-sony/p/MLB29001054#polycard_client=search-nordic&search_layout=grid&position=4&type=product&tracking_id=140f174e-1940-4074-a6f3-747bd64035dc&wid=MLB3606139177&sid=search
Sony PlayStation 5 Slim Digital CFI-2000 1 TB Ratchet & Clank Rift Apart Returnal color branco,6.049,https://www.mercadolivre.com.br/sony-playstation-5-slim-digital-cfi-2000-1-tb-ratchet-clank-rift-apart-returnal-color-branco/p/MLB37300294#polycard_client=search-nordic&search_layout=grid&position=12&type=product&tracking_id=140f174e-1940-4074-a6f3-747bd64035dc&wid=MLB5598367174&sid=search
Console Playstation 5 Slim  2 Controles + Ea Fc  Ps5 Novo Lacrado Branco,6.799,https://www.mercadolivre.com.br/console-playstation-5-slim--2-controles--ea-fc--ps5-novo-lacrado/up/MLBU2414768931#polycard_client=search-nordic&search_layout=grid&position=20&type=product&tracking_id=140f174e-1940-4074-a6f3-747bd64035dc&wid=MLB5127669952&sid=search
Sony Playstation 5 Slim 1tb Standard Ps5 + Gta V Com 8 Jogos Branco,7.399,https://www.mercadolivre.com.br/sony-playstation-5-slim-1tb-standard-ps5--gta-v-com-8-jogos/up/MLBU3413681599#polycard_client=search-nordic&search_layout=grid&position=22&type=product&tracking_id=140f174e-1940-4074-a6f3-747bd64035dc&wid=MLB5691659712&sid=search
Console PlayStation 5 Midia Fisica Slim Branco 1TB Returnal e Ratchet e Clank Controle Sem Fio Dualsense Branco,8.009,https://click1.mercadolivre.com.br/mclics/clicks/external/MLB/count?a=sMKsgAD0P67GueACyBs4HhTIS5oQ3vfF6jBFFiKU7ihxbbmpjuafk0hWn0NcFJKMHQSfZBKFM%2FW%2By2RXgeNROFgNnydExFfQpvyJTKK6DmPskSmHZnY12LXvL9vJmALRnUYk5BYqFYvCyYvleEdcekMPmUjUShHiakzwWugUZBSZEp0a%2FahaiqCflwidvaQwFw3DzWcdNI2t%2BjNdT7Z%2B576GHt0bhCqTAWCmYQ1yYVspakbCGOh%2FM6lSpdeFzeEzh0SIXX6DdnQDpATwR%2FY46J11FGxX16rfeBK%2FhixjDeaQA2MbLZqlDHP%2Fz72F0TPoz39oCZz5SN2s8%2FsfcOq6V5CDv8P1dhVPeRXMRmNz0u77%2B1scho%2Bh7rHN7qvde3FRf49v5pKcbDZ090KYMYN5IUH7L%2BVFk%2FX6hdkt2JL6EeEbOJRxTPEUKMGQOnE6Z9MxMBCD7eHe0p8KJfV%2BXtd5t%2Bis88aw9VUA%2BDfRAy%2BbyXrjJLHN7xAGAmnckJb0rFSoGbzU0G9sxj9uOjy5AGgnQvzr%2FPevdFeMt62rqDez3h1ORy7HBZh3ifgajV5KNgb8hYGDu7Ounzy8tqM2tILKOHXgScDg0mFPqMBhpEy8NzXrHPWUsXmDEMZAetuefU4SIXSg%2FGojzxCkCWwPRKK20pymhhQD28c9CsORG3HcF0Nu20IzgWLcF1ih5yWdpk%2FelR8isbTNEMTmQDoZhPVYIeVRZYUErbd9KfceWlbCqlLJxMITezwrSU3zeVE%2BinSget3vqSoun8HTojAklJU6aJXlyeIxUmY9%2FVbyAM%2BkKvXDMZnYPb2Y%2Buo2hEc6RDO5q%2FjbVwg%2FSdx9tUxYbPt10jfOmHhlE5f1g7zMzALCH4j4ztMZS7bTKJxt1jXamBxwAY1f5EZm6LmsFlUjo6ItR9SiUPLK5rpEiSinGO7dwROr2os%2BWY0Vb0MhL4Ck12yMXIdnUIVd3T%2BGoWL%2B%2BrimAYNxIgvjHsKw%2BiyuaAO5B253%2FVPthC163I%2FojFThGX%2BW#polycard_client=search-nordic&is_advertising=true&searchVariation=MLB39459985&backend_model=search-backend&search_layout=grid&position=3&type=pad&tracking_id=140f174e-1940-4074-a6f3-747bd64035dc&wid=MLB3660928281&sid=search
Console PlayStation 5 Midia Fisica Slim Branco 1TB Returnal e Ratchet e Clank Controle Sem Fio Dualsense Branco,8.009,https://www.mercadolivre.com.br/console-playstation-5-midia-fisica-slim-branco-1tb-returnal-e-ratchet-e-clank-controle-sem-fio-dualsense-branco/p/MLB39459985#polycard_client=search-nordic&search_layout=grid&position=11&type=product&tracking_id=140f174e-1940-4074-a6f3-747bd64035dc&wid=MLB3660928281&sid=search
Playstation 5 Ps5 Midia Fisica + Um Jogo Fc Fifa 26 Branco,8.191,https://www.mercadolivre.com.br/playstation-5-ps5-midia-fisica--um-jogo-fc-fifa-26/up/MLBU3440805194#polycard_client=search-nordic&search_layout=grid&position=14&type=product&tracking_id=140f174e-1940-4074-a6f3-747bd64035dc&wid=MLB4217131649&sid=search
